2020-02-09 13:09:06.585862,Bus 4,-75.6964645,45.425869
2020-02-09 13:39:14.284407,Bus 4,-75.6964645,45.425869
2020-02-09 14:09:21.878145,Bus 4,-75.6964645,45.425869
2020-02-09 14:39:29.245374,Bus 4,-75.6964645,45.425869
2020-02-09 15:09:36.859857,Bus 4,-75.6964645,45.425869
2020-02-09 15:38:44.213631,Bus 4,-75.6964645,45.425869
2020-02-09 16:08:51.554638,Bus 4,-75.6964645,45.425869
2020-02-10 06:23:30.202969,Bus 4,-75.6964645,45.425869
2020-02-10 06:23:30.425241,Bus 4,-75.6964645,45.425869
2020-02-10 06:23:30.638067,Bus 4,-75.6965408,45.425819399999995
2020-02-10 06:25:32.032058,Bus 4,-75.6964645,45.42584229999999
2020-02-10 06:26:33.370910,Bus 4,-75.69648740000001,45.42584229999999
2020-02-10 06:28:34.948364,Bus 4,-75.6965103,45.425869
2020-02-10 06:29:40.031893,Bus 4,-75.69641109999999,45.425869
2020-02-10 06:31:45.846407,Bus 4,-75.69648740000001,45.42584229999999
2020-02-10 06:33:50.157257,Bus 4,-75.6964645,45.42584229999999
2020-02-10 06:34:55.222072,Bus 4,-75.696434,45.4257927
2020-02-10 06:37:03.469625,Bus 4,-75.696434,45.425819399999995
2020-02-10 06:38:12.453013,Bus 4,-75.6965103,45.42584229999999
2020-02-10 06:38:12.705780,Bus 4,-75.6967697,45.4260216
2020-02-10 06:40:19.636018,Bus 4,-75.6980743,45.4270973
2020-02-10 06:40:19.838948,Bus 4,-75.6992798,45.4281235
2020-02-10 06:40:20.498100,Bus 4,-75.6996078,45.4283791
2020-02-10 06:40:20.706911,Bus 4,-75.6995621,45.4285812
2020-02-10 06:40:20.946716,Bus 4,-75.6989441,45.4285316
2020-02-10 06:40:21.171129,Bus 4,-75.6988678,45.428607899999996
2020-02-10 06:40:21.410766,Bus 4,-75.6988678,45.428607899999996
2020-02-10 06:40:21.639161,Bus 4,-75.6988144,45.4286842
2020-02-10 06:40:21.854230,Bus 4,-75.6985092,45.4286842
2020-02-10 06:41:27.014232,Bus 4,-75.6981277,45.4286842
2020-02-10 06:41:27.219116,Bus 4,-75.6980972,45.4286842
2020-02-10 06:41:27.420171,Bus 4,-75.6980743,45.4286842
2020-02-10 06:41:27.615361,Bus 4,-75.6980743,45.4286842
2020-02-10 06:41:27.821675,Bus 4,-75.6976166,45.4286346
2020-02-10 06:41:28.059977,Bus 4,-75.69699859999999,45.4285316
2020-02-10 06:41:28.277672,Bus 4,-75.6963806,45.4278641
2020-02-10 06:41:28.468734,Bus 4,-75.6958466,45.427200299999996
2020-02-10 06:42:32.263609,Bus 4,-75.69484709999999,45.426174200000005
2020-02-10 06:42:32.501644,Bus 4,-75.69482420000001,45.4261513
2020-02-10 06:42:32.758655,Bus 4,-75.6947937,45.4261513
2020-02-10 06:42:33.028075,Bus 4,-75.6947937,45.4260979
2020-02-10 06:44:40.080942,Bus 4,-75.6944122,45.425613399999996
2020-02-10 06:44:40.300017,Bus 4,-75.69418329999999,45.4252548
2020-02-10 06:44:40.525769,Bus 4,-75.6946411,45.42504879999999
2020-02-10 06:44:40.735965,Bus 4,-75.69484709999999,45.424945799999996
2020-02-10 06:44:40.964701,Bus 4,-75.6957932,45.4245377
2020-02-10 06:44:41.182238,Bus 4,-75.6962585,45.4243317
2020-02-10 06:44:41.403077,Bus 4,-75.6967926,45.4241028
2020-02-10 06:44:45.999409,Bus 4,-75.6969757,45.424026500000004
2020-02-10 06:44:46.209989,Bus 4,-75.697052,45.4240494
2020-02-10 06:44:46.435010,Bus 4,-75.697052,45.4240494
2020-02-10 06:44:46.646510,Bus 4,-75.6970978,45.4241028
2020-02-10 06:44:46.861866,Bus 4,-75.69712829999999,45.4241295
2020-02-10 06:46:57.270888,Bus 4,-75.6971512,45.4241028
2020-02-10 06:46:57.495588,Bus 4,-75.6973572,45.4240761
2020-02-10 06:46:57.706201,Bus 4,-75.6975861,45.424026500000004
2020-02-10 06:46:57.931580,Bus 4,-75.6980743,45.424408
2020-02-10 06:46:58.145798,Bus 4,-75.6986618,45.424205799999996
2020-02-10 06:46:58.360694,Bus 4,-75.69907380000001,45.4240494
2020-02-10 06:46:59.285820,Bus 4,-75.6994324,45.4238968
2020-02-10 06:46:59.505243,Bus 4,-75.6999435,45.4236946
2020-02-10 06:46:59.726732,Bus 4,-75.699913,45.4234886
2020-02-10 06:48:11.104462,Bus 4,-75.69968409999998,45.423233
2020-02-10 06:48:11.333035,Bus 4,-75.699791,45.4230766
2020-02-10 06:48:11.565976,Bus 4,-75.7001953,45.4228973
2020-02-10 06:48:11.771014,Bus 4,-75.7004318,45.4227982
2020-02-10 06:48:11.996558,Bus 4,-75.7011185,45.4224625
2020-02-10 06:48:12.231042,Bus 4,-75.701683,45.4222336
2020-02-10 06:48:12.459230,Bus 4,-75.70186609999999,45.422184
2020-02-10 06:48:12.687067,Bus 4,-75.7019653,45.422157299999995
2020-02-10 06:48:12.890247,Bus 4,-75.7019653,45.422157299999995
2020-02-10 06:48:13.105676,Bus 4,-75.7020645,45.4221306
2020-02-10 06:48:13.322621,Bus 4,-75.702095,45.4220276
2020-02-10 06:48:13.561858,Bus 4,-75.7020187,45.421924600000004
2020-02-10 06:48:13.772145,Bus 4,-75.7020187,45.421924600000004
2020-02-10 06:50:30.036016,Bus 4,-75.7019653,45.421924600000004
2020-02-10 06:50:30.265007,Bus 4,-75.7016296,45.421825399999996
2020-02-10 06:50:30.494944,Bus 4,-75.70147709999999,45.421875
2020-02-10 06:50:30.719603,Bus 4,-75.7013245,45.421924600000004
2020-02-10 06:50:30.937712,Bus 4,-75.7013245,45.421924600000004
2020-02-10 06:50:31.171432,Bus 4,-75.70075990000001,45.422157299999995
2020-02-10 06:50:31.391934,Bus 4,-75.7002258,45.422386200000005
2020-02-10 06:50:31.622944,Bus 4,-75.7001953,45.422386200000005
2020-02-10 06:50:31.829676,Bus 4,-75.69981379999999,45.42254260000001
2020-02-10 06:50:32.044269,Bus 4,-75.6996613,45.4226189
2020-02-10 06:51:43.196510,Bus 4,-75.699585,45.4226685
2020-02-10 06:51:43.433047,Bus 4,-75.6995621,45.42269520000001
2020-02-10 06:51:43.655004,Bus 4,-75.69920350000001,45.4228745
2020-02-10 06:51:43.864620,Bus 4,-75.6984329,45.4232063
2020-02-10 06:51:44.080671,Bus 4,-75.69776920000001,45.4234619
2020-02-10 06:51:44.283775,Bus 4,-75.69702149999999,45.4237938
2020-02-10 06:51:44.513844,Bus 4,-75.6967392,45.4238968
2020-02-10 06:51:44.735479,Bus 4,-75.69577029999999,45.4235916
2020-02-10 06:51:44.956122,Bus 4,-75.69528199999999,45.423412299999995
2020-02-10 06:52:53.513842,Bus 4,-75.69528199999999,45.423412299999995
2020-02-10 06:52:53.722297,Bus 4,-75.69525909999999,45.423412299999995
2020-02-10 06:52:53.942463,Bus 4,-75.69525909999999,45.4233856
2020-02-10 06:52:54.168515,Bus 4,-75.6952057,45.4233589
2020-02-10 06:52:54.404716,Bus 4,-75.6949997,45.42313
2020-02-10 06:52:54.627414,Bus 4,-75.6952057,45.423027000000005
2020-02-10 06:52:54.828766,Bus 4,-75.69528199999999,45.4229774
2020-02-10 06:52:55.066391,Bus 4,-75.695488,45.4228973
2020-02-10 06:52:55.285570,Bus 4,-75.6956177,45.4228477
2020-02-10 06:54:07.767181,Bus 4,-75.6958466,45.42269520000001
2020-02-10 06:54:07.979578,Bus 4,-75.69594570000001,45.4226685
2020-02-10 06:54:08.206841,Bus 4,-75.6963043,45.4225159
2020-02-10 06:54:08.428547,Bus 4,-75.6966934,45.4223633
2020-02-10 06:54:08.642948,Bus 4,-75.6969223,45.4226685
2020-02-10 06:54:08.857286,Bus 4,-75.69702149999999,45.422821
2020-02-10 06:54:09.093375,Bus 4,-75.6970749,45.4227715
2020-02-10 06:54:09.305876,Bus 4,-75.6970978,45.4227982
2020-02-10 06:54:09.524723,Bus 4,-75.69712829999999,45.4227982
2020-02-10 06:54:09.730308,Bus 4,-75.69725799999999,45.4229774
2020-02-10 06:54:09.947887,Bus 4,-75.6975098,45.4232826
2020-02-10 06:54:10.158199,Bus 4,-75.6975861,45.423336
2020-02-10 06:54:10.390701,Bus 4,-75.69763950000001,45.4233856
2020-02-10 06:54:10.604331,Bus 4,-75.69766240000001,45.4233856
2020-02-10 06:54:10.830565,Bus 4,-75.6976929,45.423412299999995
2020-02-10 06:55:19.702212,Bus 4,-75.6976929,45.423412299999995
2020-02-10 06:55:19.906583,Bus 4,-75.6976929,45.423412299999995
2020-02-10 06:55:20.134085,Bus 4,-75.6971512,45.4237442
2020-02-10 06:55:20.369747,Bus 4,-75.69671629999999,45.4239235
2020-02-10 06:55:20.560415,Bus 4,-75.696022,45.4241791
2020-02-10 06:55:20.786523,Bus 4,-75.69543459999998,45.4244347
2020-02-10 06:56:35.566937,Bus 4,-75.6953583,45.4244614
2020-02-10 06:56:35.785443,Bus 4,-75.69538879999999,45.4244881
2020-02-10 06:56:36.013030,Bus 4,-75.69492340000001,45.4246902
2020-02-10 06:56:36.254507,Bus 4,-75.693718,45.425151799999995
2020-02-10 06:56:36.474477,Bus 4,-75.6930847,45.4249229
2020-02-10 06:56:36.708513,Bus 4,-75.69284820000001,45.4246674
2020-02-10 06:56:36.916492,Bus 4,-75.69252009999998,45.4243317
2020-02-10 06:56:37.131504,Bus 4,-75.692543,45.4243088
2020-02-10 06:56:37.358692,Bus 4,-75.6926498,45.424205799999996
2020-02-10 06:56:37.600506,Bus 4,-75.6926498,45.424205799999996
2020-02-10 06:56:37.815871,Bus 4,-75.6926727,45.424205799999996
2020-02-10 06:56:38.050899,Bus 4,-75.69284820000001,45.4243317
2020-02-10 06:58:52.059371,Bus 4,-75.6929016,45.4243088
2020-02-10 06:58:52.294366,Bus 4,-75.6929016,45.4243088
2020-02-10 06:58:52.503776,Bus 4,-75.6929016,45.4242287
2020-02-10 06:58:52.713743,Bus 4,-75.69274899999999,45.4242287
2020-02-10 06:58:52.943368,Bus 4,-75.69274899999999,45.4242287
2020-02-10 06:58:53.156025,Bus 4,-75.6926498,45.424205799999996
2020-02-10 06:58:53.385400,Bus 4,-75.6925659,45.4242287
2020-02-10 06:58:53.629867,Bus 4,-75.692543,45.4242287
2020-02-10 07:00:10.394152,Bus 4,-75.6924896,45.4242287
2020-02-10 07:00:10.633649,Bus 4,-75.69239040000001,45.4243851
2020-02-10 07:00:10.848507,Bus 4,-75.69274899999999,45.4248466
2020-02-10 07:00:11.087065,Bus 4,-75.6928787,45.424972499999996
2020-02-10 07:00:11.293021,Bus 4,-75.69284820000001,45.4250221
2020-02-10 07:00:11.513336,Bus 4,-75.69313050000001,45.4253044
2020-02-10 07:00:11.707812,Bus 4,-75.6933365,45.425460799999996
2020-02-10 07:01:21.319101,Bus 4,-75.6936417,45.425380700000005
2020-02-10 07:01:21.529398,Bus 4,-75.693924,45.4252548
2020-02-10 07:01:21.739422,Bus 4,-75.693924,45.4252548
2020-02-10 07:01:21.963030,Bus 4,-75.6939545,45.4252281
2020-02-10 07:01:22.178044,Bus 4,-75.6939545,45.4252281
2020-02-10 07:01:22.389727,Bus 4,-75.6945648,45.424945799999996
2020-02-10 07:01:22.605556,Bus 4,-75.69484709999999,45.4248466
2020-02-10 07:01:22.810961,Bus 4,-75.69487,45.4248695
2020-02-10 07:01:23.040035,Bus 4,-75.69554140000001,45.424587200000005
2020-02-10 07:01:23.279336,Bus 4,-75.696106,45.4243317
2020-02-10 07:01:23.490248,Bus 4,-75.696106,45.4243317
2020-02-10 07:03:34.162634,Bus 4,-75.696106,45.4243317
2020-02-10 07:03:34.383045,Bus 4,-75.6965103,45.4241524
2020-02-10 07:03:34.604719,Bus 4,-75.6969452,45.423973100000005
2020-02-10 07:03:34.815022,Bus 4,-75.69702149999999,45.4239998
2020-02-10 07:03:35.021600,Bus 4,-75.69702149999999,45.4239998
2020-02-10 07:03:35.238331,Bus 4,-75.6970749,45.4240494
2020-02-10 07:03:35.470405,Bus 4,-75.6970978,45.4240761
2020-02-10 07:03:35.679828,Bus 4,-75.6970978,45.4240761
2020-02-10 07:03:35.891460,Bus 4,-75.6971512,45.4241028
2020-02-10 07:03:36.112554,Bus 4,-75.6973343,45.4240494
2020-02-10 07:03:36.342698,Bus 4,-75.6974335,45.424026500000004
2020-02-10 07:03:36.550128,Bus 4,-75.69745640000001,45.424026500000004
2020-02-10 07:03:36.755309,Bus 4,-75.69753270000001,45.4239998
2020-02-10 07:03:36.986098,Bus 4,-75.6975861,45.4240494
2020-02-10 07:03:37.199888,Bus 4,-75.6976166,45.4240494
2020-02-10 07:03:37.402799,Bus 4,-75.6977158,45.4241791
2020-02-10 07:03:37.625124,Bus 4,-75.6979218,45.424408
2020-02-10 07:03:37.825510,Bus 4,-75.6979675,45.4244347
2020-02-10 07:04:48.186726,Bus 4,-75.6984329,45.4242554
2020-02-10 07:04:48.417175,Bus 4,-75.6989441,45.4240494
2020-02-10 07:04:48.644230,Bus 4,-75.6994553,45.423847200000004
2020-02-10 07:04:48.850620,Bus 4,-75.6998367,45.4236946
2020-02-10 07:04:49.076245,Bus 4,-75.699791,45.4234619
2020-02-10 07:04:49.296599,Bus 4,-75.6996078,45.423233
2020-02-10 07:04:49.518517,Bus 4,-75.6997147,45.4231033
2020-02-10 07:04:49.729167,Bus 4,-75.70001979999999,45.4229507
2020-02-10 07:04:49.965025,Bus 4,-75.7001495,45.4228973
2020-02-10 07:04:50.201956,Bus 4,-75.70045470000001,45.4227715
2020-02-10 07:04:50.433284,Bus 4,-75.7010651,45.42248920000001
2020-02-10 07:04:50.640968,Bus 4,-75.70170590000001,45.4222603
2020-02-10 07:04:50.857512,Bus 4,-75.70178220000001,45.4222336
2020-02-10 07:07:00.848285,Bus 4,-75.7019653,45.422157299999995
2020-02-10 07:07:01.091240,Bus 4,-75.7019882,45.422157299999995
2020-02-10 07:07:01.315803,Bus 4,-75.7020645,45.422081
2020-02-10 07:07:01.533980,Bus 4,-75.7019882,45.421924600000004
2020-02-10 07:07:01.757541,Bus 4,-75.7019882,45.421924600000004
2020-02-10 07:07:01.995112,Bus 4,-75.7019882,45.421924600000004
2020-02-10 07:07:02.223249,Bus 4,-75.7019882,45.421924600000004
2020-02-10 07:07:02.457609,Bus 4,-75.70194240000001,45.42184829999999
2020-02-10 07:08:16.184230,Bus 4,-75.7016296,45.421875
2020-02-10 07:08:16.411039,Bus 4,-75.7013474,45.421978
2020-02-10 07:08:16.700243,Bus 4,-75.7013474,45.4220047
2020-02-10 07:08:16.924132,Bus 4,-75.7006073,45.4223366
2020-02-10 07:08:17.147179,Bus 4,-75.7000732,45.42254260000001
2020-02-10 07:08:17.361761,Bus 4,-75.7000961,45.422592200000004
2020-02-10 07:08:17.583026,Bus 4,-75.6998367,45.42269520000001
2020-02-10 07:08:17.809131,Bus 4,-75.69968409999998,45.4227715
2020-02-10 07:08:18.031778,Bus 4,-75.6996613,45.4227715
2020-02-10 07:08:18.269506,Bus 4,-75.6991501,45.4230003
2020-02-10 07:08:18.499368,Bus 4,-75.6986847,45.423179600000005
2020-02-10 07:09:27.454030,Bus 4,-75.6985855,45.423233
2020-02-10 07:09:27.659586,Bus 4,-75.69781490000001,45.4235153
2020-02-10 07:09:27.867180,Bus 4,-75.6968155,45.4239235
2020-02-10 07:09:28.094180,Bus 4,-75.6965103,45.423847200000004
2020-02-10 07:09:28.314170,Bus 4,-75.6962585,45.4237442
2020-02-10 07:09:28.542620,Bus 4,-75.6962585,45.4237442
2020-02-10 07:09:28.750795,Bus 4,-75.6961517,45.4236946
2020-02-10 07:09:28.972972,Bus 4,-75.69577029999999,45.4235382
2020-02-10 07:09:29.203529,Bus 4,-75.69558719999999,45.4234619
2020-02-10 07:11:40.792145,Bus 4,-75.69556429999999,45.4234619
2020-02-10 07:11:41.023709,Bus 4,-75.6955109,45.4234619
2020-02-10 07:11:41.243493,Bus 4,-75.6955109,45.4234619
2020-02-10 07:11:41.458181,Bus 4,-75.695076,45.4232559
2020-02-10 07:11:41.674658,Bus 4,-75.6950302,45.4231033
2020-02-10 07:11:41.875589,Bus 4,-75.69515229999999,45.423027000000005
2020-02-10 07:11:42.106762,Bus 4,-75.6952057,45.4229774
2020-02-10 07:11:42.335999,Bus 4,-75.6952057,45.4229774
2020-02-10 07:12:54.563260,Bus 4,-75.6951828,45.423053700000004
2020-02-10 07:14:05.527061,Bus 4,-75.69577029999999,45.422821
2020-02-10 07:14:05.724550,Bus 4,-75.6961288,45.4226189
2020-02-10 07:14:05.957120,Bus 4,-75.69641109999999,45.4224625
2020-02-10 07:14:06.190773,Bus 4,-75.6965637,45.4224129
2020-02-10 07:14:06.421220,Bus 4,-75.6973038,45.423179600000005
2020-02-10 07:14:06.640538,Bus 4,-75.6976166,45.4235382
2020-02-10 07:14:06.847521,Bus 4,-75.6973572,45.4237175
2020-02-10 07:14:07.068053,Bus 4,-75.6973572,45.4237442
2020-02-10 07:14:07.289045,Bus 4,-75.697052,45.4238739
2020-02-10 07:16:15.834095,Bus 4,-75.6958237,45.4242821
2020-02-10 07:16:16.060377,Bus 4,-75.69528199999999,45.424510999999995
2020-02-10 07:16:16.279159,Bus 4,-75.69528199999999,45.424510999999995
2020-02-10 07:16:16.493493,Bus 4,-75.69495390000002,45.4246407
2020-02-10 07:16:16.705218,Bus 4,-75.69397740000001,45.425102200000005
2020-02-10 07:16:16.940771,Bus 4,-75.6938782,45.425102200000005
2020-02-10 07:16:17.160241,Bus 4,-75.69338990000001,45.4249992
2020-02-10 07:16:17.370139,Bus 4,-75.692955,45.4247437
2020-02-10 07:17:30.384875,Bus 4,-75.6926193,45.4244347
2020-02-10 07:17:30.608449,Bus 4,-75.692543,45.4243317
2020-02-10 07:17:30.815068,Bus 4,-75.692543,45.4243317
2020-02-10 07:17:31.030166,Bus 4,-75.69252009999998,45.4243088
2020-02-10 07:17:31.258247,Bus 4,-75.6926193,45.4242287
2020-02-10 07:17:31.476962,Bus 4,-75.6926193,45.4242287
2020-02-10 07:17:31.705699,Bus 4,-75.6926193,45.4242287
2020-02-10 07:17:31.904291,Bus 4,-75.69274899999999,45.424408
2020-02-10 07:17:32.142628,Bus 4,-75.6929016,45.424358399999996
2020-02-10 07:18:46.595603,Bus 4,-75.6929016,45.424358399999996
2020-02-10 07:20:58.963041,Bus 4,-75.6928787,45.424358399999996
2020-02-10 07:20:59.186385,Bus 4,-75.6928787,45.4243088
2020-02-10 07:20:59.412066,Bus 4,-75.69277190000001,45.4242554
2020-02-10 07:20:59.638356,Bus 4,-75.69277190000001,45.4242554
2020-02-10 07:22:14.020819,Bus 4,-75.69277190000001,45.4242287
2020-02-10 07:22:14.259927,Bus 4,-75.6926498,45.4242287
2020-02-10 07:22:14.485297,Bus 4,-75.6925964,45.4242287
2020-02-10 07:22:14.687375,Bus 4,-75.6925659,45.4242287
2020-02-10 07:22:14.908183,Bus 4,-75.69244379999999,45.4243317
2020-02-10 07:22:15.124405,Bus 4,-75.6925964,45.424564399999994
2020-02-10 07:22:15.339458,Bus 4,-75.6926193,45.424564399999994
2020-02-10 07:22:15.571828,Bus 4,-75.6926956,45.424614
2020-02-10 07:24:29.351301,Bus 4,-75.69277190000001,45.4247169
2020-02-10 07:24:29.578804,Bus 4,-75.69284820000001,45.4247932
2020-02-10 07:24:29.775316,Bus 4,-75.69284820000001,45.424819899999996
2020-02-10 07:24:30.006894,Bus 4,-75.692955,45.424945799999996
2020-02-10 07:24:30.237840,Bus 4,-75.6930084,45.4250221
2020-02-10 07:24:30.451764,Bus 4,-75.6930847,45.4251251
2020-02-10 07:24:30.674045,Bus 4,-75.69326020000001,45.4252815
2020-02-10 07:24:30.879247,Bus 4,-75.69326020000001,45.4252815
2020-02-10 07:24:41.309478,Bus 4,-75.69326020000001,45.4252815
2020-02-10 07:24:41.540009,Bus 4,-75.69328309999999,45.4253578
2020-02-10 07:24:41.748192,Bus 4,-75.69336700000001,45.425460799999996
2020-02-10 07:25:43.805664,Bus 4,-75.6936188,45.425434100000004
2020-02-10 07:25:44.016177,Bus 4,-75.69369509999999,45.425434100000004
2020-02-10 07:25:44.243454,Bus 4,-75.693718,45.425434100000004
2020-02-10 07:25:49.462609,Bus 4,-75.69390109999999,45.4253578
2020-02-10 07:25:49.693565,Bus 4,-75.69397740000001,45.4253311
2020-02-10 07:25:49.895805,Bus 4,-75.6944656,45.425102200000005
2020-02-10 07:26:57.998377,Bus 4,-75.6949005,45.4249229
2020-02-10 07:26:58.210504,Bus 4,-75.696434,45.4242287
2020-02-10 07:26:58.427754,Bus 4,-75.6969223,45.424026500000004
2020-02-10 07:26:58.642936,Bus 4,-75.697052,45.4240494
2020-02-10 07:27:02.396023,Bus 4,-75.6970749,45.4241028
2020-02-10 07:27:02.634591,Bus 4,-75.69712829999999,45.4241524
2020-02-10 07:27:02.840367,Bus 4,-75.69712829999999,45.4241524
2020-02-10 07:27:03.051498,Bus 4,-75.6971741,45.4241791
2020-02-10 07:27:03.281778,Bus 4,-75.6975632,45.4240761
2020-02-10 07:27:03.507394,Bus 4,-75.6975861,45.4240761
2020-02-10 07:28:19.493193,Bus 4,-75.6980209,45.4244881
2020-02-10 07:28:19.719513,Bus 4,-75.6981277,45.4244347
2020-02-10 07:28:19.950517,Bus 4,-75.6981735,45.4244347
2020-02-10 07:28:20.179995,Bus 4,-75.6985092,45.4242821
2020-02-10 07:28:20.407281,Bus 4,-75.6989441,45.4241028
2020-02-10 07:28:20.643325,Bus 4,-75.69920350000001,45.4239998
2020-02-10 07:28:20.845799,Bus 4,-75.6995316,45.423847200000004
2020-02-10 07:28:21.074823,Bus 4,-75.6998367,45.4236946
2020-02-10 07:28:21.297590,Bus 4,-75.69989009999999,45.4236412
2020-02-10 07:28:21.528272,Bus 4,-75.699791,45.4234619
2020-02-10 07:29:23.701717,Bus 4,-75.6997375,45.4231033
2020-02-10 07:29:23.920573,Bus 4,-75.7001495,45.422924
2020-02-10 07:29:24.151102,Bus 4,-75.7003555,45.4228477
2020-02-10 07:29:24.366832,Bus 4,-75.7013474,45.4224129
2020-02-10 07:29:28.475906,Bus 4,-75.701683,45.4222832
2020-02-10 07:29:28.703368,Bus 4,-75.70170590000001,45.4222832
2020-02-10 07:29:28.909122,Bus 4,-75.70188900000001,45.4222069
2020-02-10 07:29:29.129674,Bus 4,-75.70194240000001,45.422184
2020-02-10 07:29:29.351549,Bus 4,-75.70194240000001,45.422184
2020-02-10 07:29:29.569374,Bus 4,-75.7020187,45.4221306
2020-02-10 07:29:29.775698,Bus 4,-75.7020645,45.42205429999999
2020-02-10 07:29:30.004764,Bus 4,-75.7020187,45.421951299999996
2020-02-10 07:31:42.071035,Bus 4,-75.702095,45.421924600000004
2020-02-10 07:31:42.298559,Bus 4,-75.7020645,45.42190170000001
2020-02-10 07:31:42.510229,Bus 4,-75.7020645,45.421875
2020-02-10 07:31:42.709387,Bus 4,-75.7019882,45.421798700000004
2020-02-10 07:31:42.941926,Bus 4,-75.7017593,45.421825399999996
2020-02-10 07:31:43.148417,Bus 4,-75.7014236,45.421951299999996
2020-02-10 07:31:43.382359,Bus 4,-75.70140079999999,45.421951299999996
2020-02-10 07:31:43.609612,Bus 4,-75.7010193,45.422103899999996
2020-02-10 07:31:43.815591,Bus 4,-75.7003021,45.422439600000004
2020-02-10 07:32:54.067063,Bus 4,-75.7002487,45.422439600000004
2020-02-10 07:32:54.285705,Bus 4,-75.7002487,45.422439600000004
2020-02-10 07:32:54.508770,Bus 4,-75.7001724,45.4224625
2020-02-10 07:32:54.943008,Bus 4,-75.7000427,45.4225159
2020-02-10 07:32:55.178492,Bus 4,-75.6995621,45.4227219
2020-02-10 07:32:55.415986,Bus 4,-75.6988449,45.423027000000005
2020-02-10 07:32:55.650654,Bus 4,-75.6978683,45.4234352
2020-02-10 07:32:55.847894,Bus 4,-75.6967926,45.4238968
2020-02-10 07:32:56.078805,Bus 4,-75.6963043,45.4237938
2020-02-10 07:32:56.300132,Bus 4,-75.6962051,45.4237442
2020-02-10 07:32:56.535015,Bus 4,-75.6962051,45.4237442
2020-02-10 07:35:02.017229,Bus 4,-75.6962051,45.4237442
2020-02-10 07:35:02.238998,Bus 4,-75.6960526,45.4236946
2020-02-10 07:35:02.461619,Bus 4,-75.6959,45.4236145
2020-02-10 07:35:02.692530,Bus 4,-75.6958466,45.4236412
2020-02-10 07:35:02.897279,Bus 4,-75.6957474,45.4235916
2020-02-10 07:35:03.125501,Bus 4,-75.6953583,45.423412299999995
2020-02-10 07:35:03.344470,Bus 4,-75.6952286,45.423336
2020-02-10 07:35:03.548707,Bus 4,-75.6952057,45.423336
2020-02-10 07:35:03.754513,Bus 4,-75.69512940000001,45.4232826
2020-02-10 07:35:13.675447,Bus 4,-75.6950531,45.4231033
2020-02-10 07:35:13.880998,Bus 4,-75.69538879999999,45.4229507
2020-02-10 07:35:14.102869,Bus 4,-75.69556429999999,45.4228745
2020-02-10 07:35:14.316135,Bus 4,-75.69641109999999,45.4224625
2020-02-10 07:35:14.534093,Bus 4,-75.69658659999999,45.4223633
2020-02-10 07:36:22.312192,Bus 4,-75.69699859999999,45.42269520000001
2020-02-10 07:36:22.527834,Bus 4,-75.6975632,45.4233093
2020-02-10 07:36:22.725966,Bus 4,-75.6976929,45.4234886
2020-02-10 07:36:22.921203,Bus 4,-75.6974106,45.4236679
2020-02-10 07:36:23.134196,Bus 4,-75.6969223,45.4238968
2020-02-10 07:36:23.339251,Bus 4,-75.6969223,45.4238968
2020-02-10 07:36:23.568658,Bus 4,-75.6962051,45.4241295
2020-02-10 07:38:29.154526,Bus 4,-75.69543459999998,45.4244614
2020-02-10 07:38:29.367158,Bus 4,-75.69512940000001,45.424587200000005
2020-02-10 07:38:30.028749,Bus 4,-75.69512940000001,45.424587200000005
2020-02-10 07:38:30.243073,Bus 4,-75.69512940000001,45.424587200000005
2020-02-10 07:38:30.462228,Bus 4,-75.6947937,45.4247437
2020-02-10 07:38:30.686257,Bus 4,-75.693718,45.4251251
2020-02-10 07:38:30.886666,Bus 4,-75.6930313,45.4248695
2020-02-10 07:38:31.122628,Bus 4,-75.6928024,45.4246674
2020-02-10 07:38:31.357870,Bus 4,-75.69252009999998,45.424358399999996
2020-02-10 07:38:31.568911,Bus 4,-75.6926193,45.424205799999996
2020-02-10 07:38:31.782677,Bus 4,-75.6926193,45.424205799999996
2020-02-10 07:39:45.169947,Bus 4,-75.6926193,45.4242287
2020-02-10 07:39:45.384607,Bus 4,-75.69277190000001,45.424408
2020-02-10 07:39:45.608239,Bus 4,-75.69284820000001,45.4243851
2020-02-10 07:39:45.815497,Bus 4,-75.69284820000001,45.4243851
2020-02-10 07:40:55.464154,Bus 4,-75.69284820000001,45.4243851
2020-02-10 07:43:06.512169,Bus 4,-75.69284820000001,45.4243851
2020-02-10 07:44:14.152947,Bus 4,-75.6929016,45.4243317
2020-02-10 07:44:14.364599,Bus 4,-75.6929016,45.424205799999996
2020-02-10 07:44:14.580457,Bus 4,-75.6928024,45.4241791
2020-02-10 07:44:14.781998,Bus 4,-75.69277190000001,45.424205799999996
2020-02-10 07:44:15.235597,Bus 4,-75.6926727,45.424205799999996
2020-02-10 07:44:15.460006,Bus 4,-75.6925964,45.424205799999996
2020-02-10 07:44:15.694361,Bus 4,-75.6925964,45.424205799999996
2020-02-10 07:46:28.302626,Bus 4,-75.692543,45.424205799999996
2020-02-10 07:46:28.530958,Bus 4,-75.6924133,45.4243317
2020-02-10 07:46:28.741800,Bus 4,-75.6926498,45.4246407
2020-02-10 07:46:28.966396,Bus 4,-75.69272609999999,45.4247437
2020-02-10 07:46:29.173097,Bus 4,-75.69272609999999,45.4247437
2020-02-10 07:47:43.114077,Bus 4,-75.6928024,45.4247437
2020-02-10 07:47:43.337199,Bus 4,-75.6929016,45.4248695
2020-02-10 07:47:43.609422,Bus 4,-75.69313050000001,45.4251251
2020-02-10 07:47:43.847498,Bus 4,-75.69313050000001,45.4251251
2020-02-10 07:48:52.666951,Bus 4,-75.6930542,45.4252281
2020-02-10 07:48:52.874945,Bus 4,-75.6930542,45.4252548
2020-02-10 07:48:53.095911,Bus 4,-75.6934433,45.42553710000001
2020-02-10 07:48:53.315988,Bus 4,-75.6936417,45.425460799999996
2020-02-10 07:48:53.530459,Bus 4,-75.6936417,45.425460799999996
2020-02-10 07:48:53.737117,Bus 4,-75.69405359999999,45.4252815
2020-02-10 07:48:53.969177,Bus 4,-75.694313,45.425178499999994
2020-02-10 07:48:54.200985,Bus 4,-75.6945648,45.4250221
2020-02-10 07:48:54.441710,Bus 4,-75.6949005,45.4248695
2020-02-10 07:48:54.666613,Bus 4,-75.69525909999999,45.4247169
2020-02-10 07:48:54.867340,Bus 4,-75.6956635,45.4245377
2020-02-10 07:49:58.363777,Bus 4,-75.6960526,45.4243851
2020-02-10 07:49:58.592594,Bus 4,-75.6962585,45.4242821
2020-02-10 07:49:58.799364,Bus 4,-75.6962814,45.4242821
2020-02-10 07:49:59.023510,Bus 4,-75.6963043,45.4243088
2020-02-10 07:49:59.247892,Bus 4,-75.6965103,45.424205799999996
2020-02-10 07:49:59.469975,Bus 4,-75.69702149999999,45.424026500000004
2020-02-10 07:52:07.202893,Bus 4,-75.697052,45.424026500000004
2020-02-10 07:52:07.430807,Bus 4,-75.6970749,45.4240761
2020-02-10 07:52:07.654694,Bus 4,-75.69712829999999,45.4241295
2020-02-10 07:52:07.865003,Bus 4,-75.6971512,45.4241524
2020-02-10 07:52:08.078197,Bus 4,-75.6971512,45.4241295
2020-02-10 07:52:08.296641,Bus 4,-75.6971741,45.4241524
2020-02-10 07:52:08.511984,Bus 4,-75.6973343,45.4241028
2020-02-10 07:52:08.715476,Bus 4,-75.6975861,45.4240494
2020-02-10 07:52:08.912947,Bus 4,-75.6977158,45.4241524
2020-02-10 07:52:09.132304,Bus 4,-75.6979218,45.4243851
2020-02-10 07:52:09.361681,Bus 4,-75.6979218,45.4243851
2020-02-10 07:52:09.590582,Bus 4,-75.6980515,45.4244614
2020-02-10 07:52:09.786872,Bus 4,-75.69815059999999,45.4244347
2020-02-10 07:52:10.026938,Bus 4,-75.69815059999999,45.4244347
2020-02-10 07:52:10.238098,Bus 4,-75.6984329,45.4243088
2020-02-10 07:52:10.445044,Bus 4,-75.6988678,45.4241295
2020-02-10 07:53:17.231856,Bus 4,-75.6989975,45.4240761
2020-02-10 07:53:17.466707,Bus 4,-75.6992798,45.4239502
2020-02-10 07:53:17.677844,Bus 4,-75.6998672,45.4236946
2020-02-10 07:53:17.897211,Bus 4,-75.6998367,45.4235382
2020-02-10 07:53:18.136077,Bus 4,-75.69963840000001,45.4232063
2020-02-10 07:53:18.377871,Bus 4,-75.6997375,45.4230766
2020-02-10 07:53:18.610104,Bus 4,-75.700119,45.4228973
2020-02-10 07:53:18.808746,Bus 4,-75.70045470000001,45.4227715
2020-02-10 07:53:19.054602,Bus 4,-75.7011948,45.422439600000004
2020-02-10 07:53:19.278096,Bus 4,-75.7015839,45.4222832
2020-02-10 07:53:19.515694,Bus 4,-75.70186609999999,45.4222069
2020-02-10 07:53:19.723649,Bus 4,-75.70194240000001,45.422184
2020-02-10 07:53:19.944009,Bus 4,-75.70194240000001,45.422184
2020-02-10 07:53:20.177814,Bus 4,-75.7019653,45.422157299999995
2020-02-10 07:53:20.408738,Bus 4,-75.7020645,45.4220276
2020-02-10 07:55:31.563622,Bus 4,-75.7019882,45.421924600000004
2020-02-10 07:55:31.768375,Bus 4,-75.7019653,45.421924600000004
2020-02-10 07:55:31.986027,Bus 4,-75.70194240000001,45.42190170000001
2020-02-10 07:55:32.206366,Bus 4,-75.70194240000001,45.42190170000001
2020-02-10 07:55:32.428131,Bus 4,-75.70178220000001,45.421772
2020-02-10 07:55:32.675393,Bus 4,-75.7015533,45.42184829999999
2020-02-10 07:55:32.894660,Bus 4,-75.7013245,45.421951299999996
2020-02-10 07:55:33.127502,Bus 4,-75.7011185,45.4220276
2020-02-10 07:56:42.550896,Bus 4,-75.6999969,45.4224129
2020-02-10 07:56:42.750030,Bus 4,-75.6999969,45.4224129
2020-02-10 07:56:42.976232,Bus 4,-75.69996640000001,45.4224129
2020-02-10 07:56:43.174364,Bus 4,-75.6997147,45.4226189
2020-02-10 07:56:43.368597,Bus 4,-75.69922640000001,45.422821
2020-02-10 07:56:43.572559,Bus 4,-75.6983795,45.4232063
2020-02-10 07:56:43.786384,Bus 4,-75.6976166,45.4235916
2020-02-10 07:56:44.012754,Bus 4,-75.69702149999999,45.4238739
2020-02-10 07:56:44.222089,Bus 4,-75.69699859999999,45.423973100000005
2020-02-10 07:56:44.421139,Bus 4,-75.697052,45.424026500000004
2020-02-10 07:57:54.729637,Bus 4,-75.697052,45.424026500000004
2020-02-10 07:57:54.952928,Bus 4,-75.6970978,45.4240761
2020-02-10 07:57:55.146647,Bus 4,-75.69712829999999,45.4241295
2020-02-10 07:57:55.374577,Bus 4,-75.6971512,45.4241295
2020-02-10 07:57:55.584833,Bus 4,-75.6971741,45.4241524
2020-02-10 07:57:55.796289,Bus 4,-75.6975632,45.4240494
2020-02-10 07:57:55.993937,Bus 4,-75.69781490000001,45.4243088
2020-02-10 07:57:56.219975,Bus 4,-75.6978912,45.424408
2020-02-10 07:57:56.449818,Bus 4,-75.6978912,45.424408
2020-02-10 08:00:03.320275,Bus 4,-75.6978912,45.4244347
2020-02-10 08:00:03.545162,Bus 4,-75.6980515,45.4244881
2020-02-10 08:00:03.746228,Bus 4,-75.6982803,45.424358399999996
2020-02-10 08:01:18.837048,Bus 4,-75.69989009999999,45.4236946
2020-02-10 08:01:19.059337,Bus 4,-75.6998367,45.4234886
2020-02-10 08:01:19.280808,Bus 4,-75.69963840000001,45.423233
2020-02-10 08:01:19.492989,Bus 4,-75.69963840000001,45.42315670000001
2020-02-10 08:01:19.691757,Bus 4,-75.7001495,45.4228477
2020-02-10 08:01:19.889864,Bus 4,-75.7003021,45.422821
2020-02-10 08:03:28.099719,Bus 4,-75.70079040000002,45.4226189
2020-02-10 08:03:28.288098,Bus 4,-75.7010193,45.4225159
2020-02-10 08:03:28.526282,Bus 4,-75.7018356,45.4222069
2020-02-10 08:03:28.743927,Bus 4,-75.70194240000001,45.422184
2020-02-10 08:03:28.942567,Bus 4,-75.70194240000001,45.422184
2020-02-10 08:03:29.178889,Bus 4,-75.7020416,45.422157299999995
2020-02-10 08:03:29.381176,Bus 4,-75.7020416,45.422157299999995
2020-02-10 08:03:29.580944,Bus 4,-75.7020416,45.4221306
2020-02-10 08:03:29.807470,Bus 4,-75.702095,45.422081
2020-02-10 08:03:30.025435,Bus 4,-75.7019882,45.421951299999996
2020-02-10 08:03:30.241477,Bus 4,-75.7019653,45.421951299999996
2020-02-10 08:03:30.437319,Bus 4,-75.70186609999999,45.421875
2020-02-10 08:03:30.645947,Bus 4,-75.70147709999999,45.42190170000001
2020-02-10 08:04:40.075938,Bus 4,-75.7013245,45.421978
2020-02-10 08:04:40.289753,Bus 4,-75.7013245,45.421978
2020-02-10 08:04:40.478548,Bus 4,-75.7010422,45.422103899999996
2020-02-10 08:04:40.693707,Bus 4,-75.700325,45.4224129
2020-02-10 08:04:40.894498,Bus 4,-75.6996613,45.4226685
2020-02-10 08:04:41.133967,Bus 4,-75.699585,45.4227219
2020-02-10 08:04:41.370118,Bus 4,-75.699585,45.4227219
2020-02-10 08:04:41.582244,Bus 4,-75.6993256,45.422821
2020-02-10 08:04:41.785818,Bus 4,-75.6981277,45.423336
2020-02-10 08:05:48.445998,Bus 4,-75.6973801,45.4236679
2020-02-10 08:05:48.647155,Bus 4,-75.6968689,45.4238968
2020-02-10 08:06:54.888522,Bus 4,-75.696846,45.4238968
2020-02-10 08:06:55.109002,Bus 4,-75.6966171,45.4239502
2020-02-10 08:06:55.321708,Bus 4,-75.69648740000001,45.4238968
2020-02-10 08:06:55.528940,Bus 4,-75.69648740000001,45.423847200000004
2020-02-10 08:08:58.856167,Bus 4,-75.6961823,45.4237442
2020-02-10 08:08:59.085288,Bus 4,-75.69556429999999,45.4234619
2020-02-10 08:08:59.311041,Bus 4,-75.6953583,45.4233589
2020-02-10 08:08:59.543344,Bus 4,-75.69543459999998,45.4233093
2020-02-10 08:08:59.745896,Bus 4,-75.69541170000001,45.4233093
2020-02-10 08:08:59.988561,Bus 4,-75.69538879999999,45.4233093
2020-02-10 08:09:00.213848,Bus 4,-75.6952057,45.423233
2020-02-10 08:09:00.426505,Bus 4,-75.69512940000001,45.42315670000001
2020-02-10 08:10:11.414436,Bus 4,-75.695076,45.4230766
2020-02-10 08:10:11.660886,Bus 4,-75.695076,45.4230766
2020-02-10 08:10:11.876538,Bus 4,-75.69515229999999,45.423027000000005
2020-02-10 08:10:12.093100,Bus 4,-75.6952286,45.4229774
2020-02-10 08:10:12.313044,Bus 4,-75.69512940000001,45.4230003
2020-02-10 08:10:12.520677,Bus 4,-75.69515229999999,45.4229507
2020-02-10 08:10:12.708327,Bus 4,-75.6953125,45.4228745
2020-02-10 08:10:12.951130,Bus 4,-75.6957474,45.422641799999994
2020-02-10 08:12:19.647100,Bus 4,-75.6963806,45.4222832
2020-02-10 08:12:19.829421,Bus 4,-75.69641109999999,45.4222832
2020-02-10 08:12:20.047065,Bus 4,-75.6965408,45.4223366
2020-02-10 08:12:20.248197,Bus 4,-75.6966171,45.4223366
2020-02-10 08:12:20.462339,Bus 4,-75.6968994,45.4226189
2020-02-10 08:12:20.670978,Bus 4,-75.6969452,45.42269520000001
2020-02-10 08:12:20.884021,Bus 4,-75.6970978,45.4227448
2020-02-10 08:12:21.098043,Bus 4,-75.6974869,45.4231033
2020-02-10 08:12:21.320709,Bus 4,-75.69776920000001,45.4233856
2020-02-10 08:12:21.537731,Bus 4,-75.6975861,45.4235153
2020-02-10 08:12:21.747204,Bus 4,-75.6968689,45.423847200000004
2020-02-10 08:12:21.969961,Bus 4,-75.6961517,45.4241028
2020-02-10 08:14:32.661901,Bus 4,-75.69467159999999,45.4247665
2020-02-10 08:14:33.301775,Bus 4,-75.6941071,45.4250221
2020-02-10 08:14:33.507641,Bus 4,-75.6941071,45.42504879999999
2020-02-10 08:14:33.696805,Bus 4,-75.6938782,45.425102200000005
2020-02-10 08:14:33.937254,Bus 4,-75.69326020000001,45.424972499999996
2020-02-10 08:14:34.140394,Bus 4,-75.69252009999998,45.424358399999996
2020-02-10 08:15:42.178656,Bus 4,-75.6926193,45.4242287
2020-02-10 08:15:42.386811,Bus 4,-75.6926193,45.4242287
2020-02-10 08:15:42.605787,Bus 4,-75.6926193,45.4242287
2020-02-10 08:15:42.797449,Bus 4,-75.69274899999999,45.424408
2020-02-10 08:15:43.038162,Bus 4,-75.69284820000001,45.424358399999996
2020-02-10 08:16:50.149970,Bus 4,-75.69284820000001,45.424358399999996
2020-02-10 08:18:07.132422,Bus 4,-75.6928787,45.4243317
2020-02-10 08:18:07.355726,Bus 4,-75.6926727,45.4242287
2020-02-10 08:20:19.205201,Bus 4,-75.692543,45.4242287
2020-02-10 08:20:19.428747,Bus 4,-75.692543,45.4242287
2020-02-10 08:20:19.653989,Bus 4,-75.6924896,45.4242554
2020-02-10 08:21:29.549730,Bus 4,-75.69244379999999,45.424358399999996
2020-02-10 08:21:29.742917,Bus 4,-75.6925964,45.4245377
2020-02-10 08:21:29.969779,Bus 4,-75.6930084,45.42504879999999
2020-02-10 08:21:30.210843,Bus 4,-75.692955,45.42504879999999
2020-02-10 08:21:30.410675,Bus 4,-75.69297790000002,45.4250755
2020-02-10 08:23:35.219930,Bus 4,-75.69318390000001,45.4253044
2020-02-10 08:23:35.429328,Bus 4,-75.6933136,45.4254074
2020-02-10 08:23:35.659375,Bus 4,-75.6935425,45.4254074
2020-02-10 08:23:35.852006,Bus 4,-75.6935425,45.4254074
2020-02-10 08:23:36.069384,Bus 4,-75.69356540000001,45.4254074
2020-02-10 08:23:36.295443,Bus 4,-75.6937714,45.4253044
2020-02-10 08:23:36.503873,Bus 4,-75.6940002,45.4252014
2020-02-10 08:23:36.720109,Bus 4,-75.6946945,45.4248695
2020-02-10 08:23:36.942840,Bus 4,-75.69487,45.424819899999996
2020-02-10 08:23:37.148979,Bus 4,-75.6949005,45.4247932
2020-02-10 08:23:37.365606,Bus 4,-75.695076,45.4247437
2020-02-10 08:23:37.591872,Bus 4,-75.69577029999999,45.4244347
2020-02-10 08:23:37.792429,Bus 4,-75.6967697,45.424026500000004
2020-02-10 08:23:40.809335,Bus 4,-75.6968689,45.423973100000005
2020-02-10 08:23:41.022493,Bus 4,-75.6968689,45.4239502
2020-02-10 08:23:41.233983,Bus 4,-75.6969452,45.4239502
2020-02-10 08:23:41.454958,Bus 4,-75.697052,45.424026500000004
2020-02-10 08:23:41.659595,Bus 4,-75.6970749,45.4240494
2020-02-10 08:23:41.849682,Bus 4,-75.69712829999999,45.4241028
2020-02-10 08:23:42.092634,Bus 4,-75.6971512,45.4241295
2020-02-10 08:25:46.406290,Bus 4,-75.6971512,45.4241295
2020-02-10 08:25:46.598087,Bus 4,-75.6973801,45.4241295
2020-02-10 08:25:46.823480,Bus 4,-75.6975632,45.424026500000004
2020-02-10 08:25:47.040503,Bus 4,-75.6979675,45.424408
2020-02-10 08:25:47.248172,Bus 4,-75.6980515,45.4244347
2020-02-10 08:25:47.459529,Bus 4,-75.6984863,45.4242554
2020-02-10 08:25:47.679304,Bus 4,-75.69896700000001,45.4240761
2020-02-10 08:25:47.882551,Bus 4,-75.6993256,45.4239235
2020-02-10 08:25:48.091389,Bus 4,-75.699791,45.4237175
2020-02-10 08:27:01.546378,Bus 4,-75.699913,45.4236145
2020-02-10 08:27:01.750014,Bus 4,-75.69981379999999,45.4234619
2020-02-10 08:27:02.369248,Bus 4,-75.6996613,45.4232559
2020-02-10 08:27:02.572448,Bus 4,-75.6997147,45.4231033
2020-02-10 08:27:02.780692,Bus 4,-75.7001495,45.422924
2020-02-10 08:27:02.968570,Bus 4,-75.7003021,45.4228477
2020-02-10 08:27:03.202775,Bus 4,-75.7011948,45.4224129
2020-02-10 08:27:03.413116,Bus 4,-75.70188900000001,45.422184
2020-02-10 08:27:03.624299,Bus 4,-75.70191190000001,45.422184
2020-02-10 08:27:03.835613,Bus 4,-75.70194240000001,45.422184
2020-02-10 08:28:18.182681,Bus 4,-75.7020416,45.42205429999999
2020-02-10 08:28:18.378496,Bus 4,-75.7019882,45.421951299999996
2020-02-10 08:28:18.598226,Bus 4,-75.70194240000001,45.421951299999996
2020-02-10 08:28:18.791282,Bus 4,-75.70186609999999,45.42184829999999
2020-02-10 08:30:34.650706,Bus 4,-75.7016296,45.42184829999999
2020-02-10 08:30:34.862795,Bus 4,-75.7013016,45.421978
2020-02-10 08:30:35.093648,Bus 4,-75.7011185,45.42205429999999
2020-02-10 08:30:35.303765,Bus 4,-75.70068359999999,45.4222069
2020-02-10 08:30:35.495130,Bus 4,-75.6999969,45.4225159
2020-02-10 08:30:35.718714,Bus 4,-75.6999969,45.4225159
2020-02-10 08:30:35.917115,Bus 4,-75.70001979999999,45.422592200000004
2020-02-10 08:30:36.130217,Bus 4,-75.6998672,45.42269520000001
2020-02-10 08:30:36.342989,Bus 4,-75.6995621,45.4227715
2020-02-10 08:30:36.744987,Bus 4,-75.6995316,45.4227982
2020-02-10 08:30:36.960465,Bus 4,-75.6993561,45.4228477
2020-02-10 08:30:37.194262,Bus 4,-75.6986847,45.4231033
2020-02-10 08:31:50.613940,Bus 4,-75.69664,45.4239502
2020-02-10 08:31:50.811167,Bus 4,-75.6949997,45.4232559
2020-02-10 08:31:51.048772,Bus 4,-75.6950302,45.4231033
2020-02-10 08:31:51.254434,Bus 4,-75.69525909999999,45.4230003
2020-02-10 08:31:51.482664,Bus 4,-75.69556429999999,45.4228477
2020-02-10 08:34:05.423358,Bus 4,-75.6962051,45.422592200000004
2020-02-10 08:34:05.648319,Bus 4,-75.6966934,45.4223366
2020-02-10 08:34:05.875369,Bus 4,-75.6970749,45.4228477
2020-02-10 08:34:06.065210,Bus 4,-75.6976929,45.4233856
2020-02-10 08:34:06.296824,Bus 4,-75.6977158,45.4233856
2020-02-10 08:34:08.381343,Bus 4,-75.6977386,45.423412299999995
2020-02-10 08:34:14.273378,Bus 4,-75.6977386,45.4234352
2020-02-10 08:34:14.503030,Bus 4,-75.6974869,45.4235916
2020-02-10 08:34:14.691491,Bus 4,-75.69671629999999,45.4239235
2020-02-10 08:34:14.904686,Bus 4,-75.69635770000001,45.4240494
2020-02-10 08:35:16.877801,Bus 4,-75.6953583,45.4244881
2020-02-10 08:35:21.947379,Bus 4,-75.6944656,45.4248695
2020-02-10 08:35:22.168021,Bus 4,-75.69418329999999,45.4249992
2020-02-10 08:35:22.377646,Bus 4,-75.69418329999999,45.4250221
2020-02-10 08:35:22.558352,Bus 4,-75.6937714,45.4251251
2020-02-10 08:37:34.886949,Bus 4,-75.6934891,45.4250755
2020-02-10 08:37:35.106094,Bus 4,-75.6930084,45.4248695
2020-02-10 08:37:35.311229,Bus 4,-75.6929245,45.424819899999996
2020-02-10 08:37:35.509861,Bus 4,-75.69277190000001,45.4246407
2020-02-10 08:37:35.709493,Bus 4,-75.6924896,45.4243088
2020-02-10 08:37:35.941145,Bus 4,-75.6926193,45.424205799999996
2020-02-10 08:37:36.204819,Bus 4,-75.69272609999999,45.424408
2020-02-10 08:37:36.453381,Bus 4,-75.6928787,45.424358399999996
2020-02-10 08:37:36.651957,Bus 4,-75.6928787,45.424358399999996
2020-02-10 08:38:46.443359,Bus 4,-75.6929016,45.4243088
2020-02-10 08:38:46.653960,Bus 4,-75.6928787,45.4242554
2020-02-10 08:38:46.841657,Bus 4,-75.6926727,45.424205799999996
2020-02-10 08:38:47.078649,Bus 4,-75.6925659,45.424205799999996
2020-02-10 08:38:47.260354,Bus 4,-75.6925659,45.424205799999996
2020-02-10 08:38:47.490959,Bus 4,-75.6924133,45.4243088
2020-02-10 08:38:47.722633,Bus 4,-75.6928024,45.4248695
2020-02-10 08:39:57.285686,Bus 4,-75.69297790000002,45.425102200000005
2020-02-10 08:39:57.498918,Bus 4,-75.6928253,45.425151799999995
2020-02-10 08:39:57.699027,Bus 4,-75.6928253,45.425178499999994
2020-02-10 08:39:57.893718,Bus 4,-75.692955,45.4253044
2020-02-10 08:39:58.144449,Bus 4,-75.69326020000001,45.42553710000001
2020-02-10 08:39:58.366341,Bus 4,-75.6935196,45.42548370000001
2020-02-10 08:40:58.808962,Bus 4,-75.69380190000001,45.4253578
2020-02-10 08:40:59.015071,Bus 4,-75.6941605,45.425178499999994
2020-02-10 08:42:05.988088,Bus 4,-75.6944885,45.4250221
2020-02-10 08:42:06.198432,Bus 4,-75.69482420000001,45.424896200000006
2020-02-10 08:42:06.406259,Bus 4,-75.69487,45.424896200000006
2020-02-10 08:42:06.600850,Bus 4,-75.69538879999999,45.4246674
2020-02-10 08:42:06.810485,Bus 4,-75.696022,45.4243851
2020-02-10 08:42:07.021051,Bus 4,-75.6962585,45.4242821
2020-02-10 08:42:07.230760,Bus 4,-75.6962814,45.4242821
2020-02-10 08:42:07.439314,Bus 4,-75.6965103,45.4241791
2020-02-10 08:42:07.660093,Bus 4,-75.69699859999999,45.424026500000004
2020-02-10 08:43:13.343545,Bus 4,-75.697052,45.424026500000004
2020-02-10 08:43:13.550735,Bus 4,-75.697052,45.424026500000004
2020-02-10 08:43:13.765824,Bus 4,-75.6970749,45.4240761
2020-02-10 08:44:14.215309,Bus 4,-75.6970978,45.4241295
2020-02-10 08:44:14.474577,Bus 4,-75.69712829999999,45.4241295
2020-02-10 08:44:14.665202,Bus 4,-75.69720459999999,45.4241524
2020-02-10 08:44:14.876342,Bus 4,-75.6976166,45.4240494
2020-02-10 08:44:15.059531,Bus 4,-75.6979218,45.4244614
2020-02-10 08:44:15.267247,Bus 4,-75.6981735,45.424408
2020-02-10 08:45:19.870363,Bus 4,-75.6982803,45.424358399999996
2020-02-10 08:45:20.095533,Bus 4,-75.6989975,45.4240761
2020-02-10 08:45:20.292645,Bus 4,-75.69922640000001,45.4239998
2020-02-10 08:45:20.516764,Bus 4,-75.6998672,45.4237175
2020-02-10 08:45:20.721398,Bus 4,-75.699913,45.4235916
2020-02-10 08:45:20.914527,Bus 4,-75.69963840000001,45.423179600000005
2020-02-10 08:45:21.124134,Bus 4,-75.6997604,45.4230766
2020-02-10 08:45:21.349462,Bus 4,-75.7001495,45.422924
2020-02-10 08:45:21.561037,Bus 4,-75.7001724,45.422924
2020-02-10 08:47:26.189078,Bus 4,-75.7004013,45.4228477
2020-02-10 08:47:26.389210,Bus 4,-75.70109559999999,45.4225159
2020-02-10 08:47:26.582338,Bus 4,-75.7017365,45.4222832
2020-02-10 08:47:26.788974,Bus 4,-75.7017365,45.4222603
2020-02-10 08:47:26.996180,Bus 4,-75.70188900000001,45.4222069
2020-02-10 08:47:27.230637,Bus 4,-75.7019653,45.422184
2020-02-10 08:47:27.441316,Bus 4,-75.7019653,45.422184
2020-02-10 08:47:27.643181,Bus 4,-75.7020645,45.4221306
2020-02-10 08:47:27.838254,Bus 4,-75.7019882,45.421924600000004
2020-02-10 08:47:28.044422,Bus 4,-75.70191190000001,45.42184829999999
2020-02-10 08:47:28.278801,Bus 4,-75.7018356,45.421825399999996
2020-02-10 08:47:28.484834,Bus 4,-75.70140079999999,45.421978
2020-02-10 08:48:32.030998,Bus 4,-75.7013474,45.4220047
2020-02-10 08:48:32.253335,Bus 4,-75.7013245,45.4220047
2020-02-10 08:48:32.441221,Bus 4,-75.70083620000001,45.422184
2020-02-10 08:48:32.658174,Bus 4,-75.7001953,45.4224625
2020-02-10 08:48:32.865242,Bus 4,-75.699791,45.422641799999994
2020-02-10 08:48:33.079809,Bus 4,-75.6996078,45.4227448
2020-02-10 08:48:33.278828,Bus 4,-75.6996078,45.4227715
2020-02-10 08:48:33.477934,Bus 4,-75.6993561,45.4228745
2020-02-10 08:48:33.672533,Bus 4,-75.6988449,45.4231033
2020-02-10 08:48:34.350313,Bus 4,-75.6979218,45.4234886
2020-02-10 08:50:38.561361,Bus 4,-75.6966171,45.4239502
2020-02-10 08:50:38.759611,Bus 4,-75.6953354,45.423412299999995
2020-02-10 08:50:38.983642,Bus 4,-75.6951828,45.4233589
2020-02-10 08:50:39.197574,Bus 4,-75.69512940000001,45.4233093
2020-02-10 08:50:39.427563,Bus 4,-75.6949997,45.4232063
2020-02-10 08:50:39.637200,Bus 4,-75.695076,45.423027000000005
2020-02-10 08:50:39.836119,Bus 4,-75.69525909999999,45.423027000000005
2020-02-10 08:50:40.031835,Bus 4,-75.6957932,45.4227715
2020-02-10 08:51:47.339068,Bus 4,-75.6963043,45.4225159
2020-02-10 08:51:47.573725,Bus 4,-75.6966629,45.422386200000005
2020-02-10 08:51:47.797907,Bus 4,-75.6966934,45.4223633
2020-02-10 08:51:47.991163,Bus 4,-75.6968155,45.4223099
2020-02-10 08:51:48.182284,Bus 4,-75.6969223,45.4224129
2020-02-10 08:51:48.388908,Bus 4,-75.69702149999999,45.4225159
2020-02-10 08:51:48.609032,Bus 4,-75.69712829999999,45.4226685
2020-02-10 08:51:48.811164,Bus 4,-75.6971741,45.4227219
2020-02-10 08:51:49.007145,Bus 4,-75.6971741,45.4227715
2020-02-10 08:51:49.211897,Bus 4,-75.6973801,45.4229507
2020-02-10 08:51:49.418493,Bus 4,-75.6977158,45.4232559
2020-02-10 08:52:55.012563,Bus 4,-75.6977158,45.4232826
2020-02-10 08:55:02.200887,Bus 4,-75.69766240000001,45.423336
2020-02-10 08:55:02.417767,Bus 4,-75.6976929,45.4233589
2020-02-10 08:55:02.655884,Bus 4,-75.6976929,45.4233589
2020-02-10 08:55:02.865404,Bus 4,-75.6975861,45.4234886
2020-02-10 08:55:03.070583,Bus 4,-75.69712829999999,45.4236679
2020-02-10 08:55:03.262208,Bus 4,-75.6968994,45.4237938
2020-02-10 08:55:03.476263,Bus 4,-75.6968994,45.4237938
2020-02-10 08:55:03.724906,Bus 4,-75.696228,45.4240761
2020-02-10 08:55:03.942333,Bus 4,-75.6951065,45.424587200000005
2020-02-10 08:55:08.912353,Bus 4,-75.69471740000002,45.4247437
2020-02-10 08:55:09.135386,Bus 4,-75.6943359,45.4249229
2020-02-10 08:55:09.339399,Bus 4,-75.6943359,45.4249229
2020-02-10 08:55:09.541421,Bus 4,-75.69397740000001,45.4250755
2020-02-10 08:55:09.756769,Bus 4,-75.6938248,45.425102200000005
2020-02-10 08:57:21.193011,Bus 4,-75.69380190000001,45.425102200000005
2020-02-10 08:57:21.395793,Bus 4,-75.6935196,45.425102200000005
2020-02-10 08:57:21.600868,Bus 4,-75.69318390000001,45.4249992
2020-02-10 08:57:21.807003,Bus 4,-75.6926498,45.424510999999995
2020-02-10 08:57:22.004807,Bus 4,-75.692543,45.424358399999996
2020-02-10 08:57:22.222607,Bus 4,-75.6924896,45.4243851
2020-02-10 08:57:22.425002,Bus 4,-75.6924896,45.4243088
2020-02-10 08:58:31.183523,Bus 4,-75.6926956,45.4242554
2020-02-10 08:58:31.420147,Bus 4,-75.6928024,45.4244347
2020-02-10 08:58:31.647107,Bus 4,-75.6928787,45.4243317
2020-02-10 08:58:31.854744,Bus 4,-75.6928787,45.4243317
2020-02-10 09:00:41.825735,Bus 4,-75.69284820000001,45.4241295
2020-02-10 09:00:42.304556,Bus 4,-75.69277190000001,45.4241028
2020-02-10 09:00:42.574655,Bus 4,-75.69274899999999,45.4241524
2020-02-10 09:00:42.785717,Bus 4,-75.69274899999999,45.424205799999996
2020-02-10 09:00:43.605693,Bus 4,-75.692543,45.4242287
2020-02-10 09:00:43.815160,Bus 4,-75.692543,45.4242554
2020-02-10 09:00:44.030702,Bus 4,-75.69239040000001,45.4243088
2020-02-10 09:00:44.239277,Bus 4,-75.6926498,45.4246407
2020-02-10 09:01:50.366760,Bus 4,-75.69297790000002,45.4250755
2020-02-10 09:01:50.602443,Bus 4,-75.692955,45.4251251
2020-02-10 09:01:50.800924,Bus 4,-75.69284820000001,45.425178499999994
2020-02-10 09:01:51.006718,Bus 4,-75.69284820000001,45.425178499999994
2020-02-10 09:01:51.237348,Bus 4,-75.692955,45.4252815
2020-02-10 09:01:51.464747,Bus 4,-75.693161,45.42548370000001
2020-02-10 09:01:51.651392,Bus 4,-75.69451140000001,45.42504879999999
2020-02-10 09:03:58.275190,Bus 4,-75.6947708,45.4249229
2020-02-10 09:03:58.501305,Bus 4,-75.6949005,45.4248466
2020-02-10 09:03:58.734494,Bus 4,-75.69492340000001,45.4248466
2020-02-10 09:03:58.924032,Bus 4,-75.69525909999999,45.4246902
2020-02-10 09:03:59.156270,Bus 4,-75.6965408,45.4241524
2020-02-10 09:03:59.365419,Bus 4,-75.6968689,45.423973100000005
2020-02-10 09:03:59.596113,Bus 4,-75.6968994,45.423973100000005
2020-02-10 09:03:59.792607,Bus 4,-75.6969223,45.423973100000005
2020-02-10 09:04:00.000679,Bus 4,-75.6969452,45.423973100000005
2020-02-10 09:04:00.223218,Bus 4,-75.69699859999999,45.4239998
2020-02-10 09:04:00.432078,Bus 4,-75.6970749,45.4239998
2020-02-10 09:04:00.630020,Bus 4,-75.6970978,45.424026500000004
2020-02-10 09:04:00.824300,Bus 4,-75.6970978,45.4240494
2020-02-10 09:05:08.668802,Bus 4,-75.69712829999999,45.4241028
2020-02-10 09:05:08.883970,Bus 4,-75.6971512,45.4241295
2020-02-10 09:05:09.086632,Bus 4,-75.69712829999999,45.4241295
2020-02-10 09:05:09.296265,Bus 4,-75.6972275,45.4241791
2020-02-10 09:05:09.531525,Bus 4,-75.6975861,45.4240494
2020-02-10 09:05:09.736127,Bus 4,-75.6977158,45.424205799999996
2020-02-10 09:05:09.958480,Bus 4,-75.6979218,45.4244347
2020-02-10 09:05:10.176694,Bus 4,-75.6979446,45.4244347
2020-02-10 09:05:10.403515,Bus 4,-75.6979446,45.4244347
2020-02-10 09:05:10.619793,Bus 4,-75.697998,45.4244347
2020-02-10 09:05:10.819904,Bus 4,-75.697998,45.4244347
2020-02-10 09:05:11.030089,Bus 4,-75.6982498,45.424358399999996
2020-02-10 09:05:11.236179,Bus 4,-75.6986084,45.424205799999996
2020-02-10 09:07:17.409364,Bus 4,-75.69902040000001,45.4240494
2020-02-10 09:07:17.630666,Bus 4,-75.6994553,45.4238739
2020-02-10 09:07:17.826296,Bus 4,-75.699913,45.4236679
2020-02-10 09:07:18.040278,Bus 4,-75.69981379999999,45.4234619
2020-02-10 09:07:18.237395,Bus 4,-75.6996613,45.42313
2020-02-10 09:07:18.470704,Bus 4,-75.7001953,45.4228973
2020-02-10 09:07:18.672809,Bus 4,-75.7004013,45.422821
2020-02-10 09:07:18.865159,Bus 4,-75.7011948,45.422439600000004
2020-02-10 09:08:22.035389,Bus 4,-75.70170590000001,45.4222603
2020-02-10 09:08:22.275361,Bus 4,-75.70188900000001,45.4222069
2020-02-10 09:08:22.487958,Bus 4,-75.70194240000001,45.422184
2020-02-10 09:08:22.694164,Bus 4,-75.70194240000001,45.422184
2020-02-10 09:08:22.894267,Bus 4,-75.7020187,45.422157299999995
2020-02-10 09:08:23.104872,Bus 4,-75.7020645,45.42205429999999
2020-02-10 09:08:23.334793,Bus 4,-75.7019882,45.421951299999996
2020-02-10 09:09:25.162071,Bus 4,-75.7020187,45.421924600000004
2020-02-10 09:09:25.417888,Bus 4,-75.70188900000001,45.421798700000004
2020-02-10 09:09:25.649829,Bus 4,-75.70170590000001,45.421798700000004
2020-02-10 09:09:25.867863,Bus 4,-75.7013474,45.421978
2020-02-10 09:09:26.087348,Bus 4,-75.7013474,45.421978
2020-02-10 09:09:26.313587,Bus 4,-75.70096590000001,45.422103899999996
2020-02-10 09:09:26.535883,Bus 4,-75.7002487,45.422386200000005
2020-02-10 09:09:26.750638,Bus 4,-75.6999435,45.4225159
2020-02-10 09:11:31.300174,Bus 4,-75.6999435,45.42254260000001
2020-02-10 09:11:31.512724,Bus 4,-75.6999435,45.42254260000001
2020-02-10 09:11:31.711795,Bus 4,-75.69968409999998,45.422641799999994
2020-02-10 09:11:31.934200,Bus 4,-75.6995316,45.4227219
2020-02-10 09:11:32.143342,Bus 4,-75.69950870000001,45.42269520000001
2020-02-10 09:11:32.330222,Bus 4,-75.6993256,45.4227715
2020-02-10 09:11:32.546393,Bus 4,-75.6986084,45.4231033
2020-02-10 09:11:32.747968,Bus 4,-75.6966934,45.4239235
2020-02-10 09:11:32.940269,Bus 4,-75.69558719999999,45.4235153
2020-02-10 09:11:33.150906,Bus 4,-75.69525909999999,45.4233856
2020-02-10 09:11:33.383343,Bus 4,-75.6952286,45.4233856
2020-02-10 09:11:33.600013,Bus 4,-75.69515229999999,45.423336
2020-02-10 09:12:37.636935,Bus 4,-75.69497679999999,45.4232063
2020-02-10 09:12:37.849384,Bus 4,-75.6950302,45.423053700000004
2020-02-10 09:12:38.472886,Bus 4,-75.6952286,45.4230003
2020-02-10 09:12:38.673387,Bus 4,-75.6952057,45.4229507
2020-02-10 09:12:38.881156,Bus 4,-75.69571690000001,45.4227982
2020-02-10 09:13:44.017737,Bus 4,-75.69641109999999,45.422565500000005
2020-02-10 09:13:44.236832,Bus 4,-75.6966934,45.422439600000004
2020-02-10 09:13:44.441496,Bus 4,-75.6966934,45.4224129
2020-02-10 09:13:44.670192,Bus 4,-75.6968155,45.4223633
2020-02-10 09:13:44.867843,Bus 4,-75.69699859999999,45.42254260000001
2020-02-10 09:13:45.070008,Bus 4,-75.69720459999999,45.4227448
2020-02-10 09:13:45.282360,Bus 4,-75.6975861,45.4231033
2020-02-10 09:13:45.549427,Bus 4,-75.6978455,45.4233856
2020-02-10 09:13:45.789284,Bus 4,-75.6972275,45.4237442
2020-02-10 09:15:55.145127,Bus 4,-75.6969757,45.423847200000004
2020-02-10 09:15:55.372173,Bus 4,-75.6964645,45.424026500000004
2020-02-10 09:15:55.573923,Bus 4,-75.69484709999999,45.4247437
2020-02-10 09:15:55.790107,Bus 4,-75.69405359999999,45.4250755
2020-02-10 09:15:56.003632,Bus 4,-75.69405359999999,45.4250755
2020-02-10 09:15:56.224535,Bus 4,-75.69397740000001,45.425102200000005
2020-02-10 09:15:56.417618,Bus 4,-75.6937485,45.425102200000005
2020-02-10 09:15:56.623074,Bus 4,-75.6934662,45.4250755
2020-02-10 09:15:56.828222,Bus 4,-75.69328309999999,45.4250221
2020-02-10 09:15:57.029961,Bus 4,-75.69297790000002,45.4248466
2020-02-10 09:15:57.231400,Bus 4,-75.6928253,45.4246407
2020-02-10 09:15:57.452946,Bus 4,-75.6928253,45.4246407
2020-02-10 09:17:05.512959,Bus 4,-75.6928253,45.4246407
2020-02-10 09:17:05.726505,Bus 4,-75.6926727,45.4244881
2020-02-10 09:17:05.931109,Bus 4,-75.692543,45.4243088
2020-02-10 09:17:06.132307,Bus 4,-75.6926193,45.4242287
2020-02-10 09:17:06.363929,Bus 4,-75.6926193,45.4242287
2020-02-10 09:17:06.582353,Bus 4,-75.6926498,45.4242287
2020-02-10 09:17:06.815017,Bus 4,-75.69277190000001,45.4243851
2020-02-10 09:17:07.012052,Bus 4,-75.6929016,45.4243317
2020-02-10 09:17:07.206426,Bus 4,-75.6929016,45.4243317
